Name	SNP
ENSG00000128322	rs9624216
ENSG00000272733	rs9306386
ENSG00000272733	rs5759944
ENSG00000189269	rs9306386
ENSG00000272578	rs2330559
ENSG00000128218	rs2070453
ENSG00000250479	rs738801
ENSG00000099953	rs2070457
ENSG00000099956	rs11704810
ENSG00000099956	rs2070464
ENSG00000099958	rs7284860
ENSG00000099958	rs11914094
ENSG00000272973	rs5760076
ENSG00000272973	rs8141740
ENSG00000133460	rs113074412
ENSG00000240972	rs738807
ENSG00000218537	rs5751775
ENSG00000273295	rs5760119
ENSG00000099974	rs5751775
ENSG00000272787	rs5751775
ENSG00000099977	rs1006771
ENSG00000099977	rs112029815
ENSG00000099977	rs144448791
ENSG00000099977	rs114869228
ENSG00000235231	rs7289655
ENSG00000235231	rs147110937
ENSG00000272955	rs7289655
ENSG00000272955	rs147110937
ENSG00000184674	rs7289655
ENSG00000184674	rs147110937
ENSG00000099994	rs74856331
ENSG00000099998	rs6004051
ENSG00000100014	rs149161616
ENSG00000100014	rs5760279
ENSG00000100024	rs5760446
ENSG00000138867	rs8139822
ENSG00000100028	rs713672
ENSG00000100031	rs5760494
ENSG00000100031	rs41277309
ENSG00000100031	rs115184867
ENSG00000100031	rs374899466
ENSG00000178026	rs5760492
ENSG00000246448	rs12509078
ENSG00000246448	rs35201547
ENSG00000197465	rs11735295
ENSG00000249741	rs1838522
ENSG00000251600	rs4054607
ENSG00000272221	rs6906175
ENSG00000272221	rs762460
ENSG00000272221	rs1050538
ENSG00000272221	rs2523492
ENSG00000206337	rs115379475
ENSG00000204520	rs10223421
ENSG00000204520	rs2516471
ENSG00000204520	rs1131159
